family,x_nm,y_nm,z_nm,radius_nm,nx,ny,nz,defects
c,188.7485692904592,83.80991139984573,189.79113260008725,1.505119355789945,0.0,0.0,1.0,443.7904128498719
c,184.56555159303977,189.1278212850495,136.15374452745274,1.535848465554358,0.0,0.0,1.0,454.7590002257412
c,159.57109254842794,58.70584446392635,178.00125195333786,1.7894725601062778,0.0,0.0,1.0,543.1791881885331
c,145.54648688979842,61.33355886634262,29.265341333996357,1.9427595080344204,0.0,0.0,1.0,599.2625819955249
c,200.00000000000003,137.5000000000048,74.42631645126006,1.3875836955481833,0.0,0.0,1.0,400.00000814529056
c,22.839874286069872,144.37280937601608,40.20285768978767,1.797461673428762,0.0,0.0,1.0,546.005422578353
c,28.146464008748918,90.52033860403509,64.41076148866917,1.9648320856879125,0.0,0.0,1.0,607.7609128673282
c,165.35898384862256,0.0,94.99999999999983,1.3875836955481833,0.0,0.0,1.0,400.00000814529056
c,58.78220991466499,105.63220993236921,14.917933704663604,1.7326309737389431,0.0,0.0,1.0,523.2587059509615
c,190.50855167154182,116.34341736601398,32.41388503097294,1.5715338338219362,0.0,0.0,1.0,467.3358603447266
c,90.5861275504223,106.85705032688165,163.11456767140956,2.066582926403124,0.0,0.0,1.0,648.8521202433319
c,173.7442196328307,156.98611914917137,74.97893103511144,1.8931885020865222,0.0,0.0,1.0,580.6215551569284
a1,103.2462363636755,182.9746471983956,86.28688885903509,2.7084112305727475,1.0,0.0,0.0,620.8798994040527
a1,75.5586887444222,132.5596596028468,61.44352176098156,3.2641191083490018,1.0,0.0,0.0,901.7919001819275
a1,70.30631599143545,161.74643278671215,36.885121610890174,2.950626078114948,1.0,0.0,0.0,736.8903978352733
a1,186.7147180790431,14.247605994970566,86.69996828397007,2.263740171407636,1.0,0.0,0.0,434.192696397547
a1,105.06418264083872,29.943252213382834,177.43650769585744,2.6510192313512144,1.0,0.0,0.0,594.8506444992466
a1,40.83460962495078,153.27427807599102,5.794940292915677,2.1239089232361206,1.0,0.0,0.0,383.2486618944797
a1,68.65126419545732,180.17200799679412,26.160108045048297,2.550659813020525,1.0,0.0,0.0,550.6852365080471
a1,97.46177821687593,78.31080416502128,9.541871772004987,2.3775540925956364,1.0,0.0,0.0,478.612105221785
a1,82.84948414473224,91.72575891642866,66.81222100385453,3.3068839515581234,1.0,0.0,0.0,925.5763347454815
a1,49.773415550372064,50.674710303080694,52.67531787790477,3.0970400082615517,1.0,0.0,0.0,811.8354179694323
a1,21.237347769631906,89.35230584023118,37.96577920557546,2.7036957333753513,1.0,0.0,0.0,618.7201327979275
a1,149.84806446299316,9.366832805828084,189.5358261230521,2.0913844629245197,1.0,0.0,0.0,372.05269692886355
a1,80.07684936505014,7.748282603370815,73.7784422185145,2.364997304268149,1.0,0.0,0.0,473.5918564160711
a1,16.446549048499033,145.71769479939954,182.31750561716868,2.3558255003420245,1.0,0.0,0.0,469.9432520538302
a2,200.00000000000003,132.2997821335253,4.191013759554617,1.8551470743017633,0.5000000000000001,0.8660254037844387,0.0,299.9999957748912
a2,39.598853979935015,35.33447075154812,62.21229514084955,2.9171474203183876,0.5000000000000001,0.8660254037844387,0.0,720.2635062035628
a2,72.1022275806498,191.29590832521262,13.643286364335045,2.1279487867661895,0.5000000000000001,0.8660254037844387,0.0,384.65783265327127
a2,77.95733661041042,48.56012394355324,51.57344518176703,3.151805916590903,0.5000000000000001,0.8660254037844387,0.0,840.8011157286647
a2,145.7816705604861,133.67309291231786,134.42286092878953,3.209354273586749,0.5000000000000001,0.8660254037844387,0.0,871.78553601437
a2,75.8051018728355,135.56465523611706,140.05532215839537,3.2464739649533185,0.5000000000000001,0.8660254037844387,0.0,892.0684589072531
a2,159.48025104143912,179.3531162152682,143.94954824282766,2.659092688060469,0.5000000000000001,0.8660254037844387,0.0,598.4783468168125
a2,52.35410413631839,130.25595395958493,52.183327669993176,3.1585290336082728,0.5000000000000001,0.8660254037844387,0.0,844.3919645167878
a2,84.3911049497727,110.2348341919171,198.1555133316855,2.059788106715401,0.5000000000000001,0.8660254037844387,0.0,361.4406662931917
a2,37.496088739195926,169.16584820876332,195.50052776546266,2.0537816614042392,0.5000000000000001,0.8660254037844387,0.0,359.45404742682354
a2,36.188941870778606,164.5928680732242,74.80920770634329,2.9172981971231318,0.5000000000000001,0.8660254037844387,0.0,720.3379627413628
a2,190.52761224817695,70.89909094987513,8.260342264953747,2.098912292437728,0.5000000000000001,0.8660254037844387,0.0,374.6200215519673
a2,58.734360330975434,182.19162626077662,148.92937333858296,2.6910175789078417,0.5000000000000001,0.8660254037844387,0.0,612.93209593008
a2,140.9337131601942,113.43043470780157,157.5215746663363,3.146387662271204,0.5000000000000001,0.8660254037844387,0.0,837.9127685013244
a3,6.129737267411728,57.75955975598946,47.26370075192437,2.1787298618843187,-0.5000000000000001,0.8660254037844387,0.0,402.7031498946834
a3,74.14654204695813,30.800705245378875,181.62137828856146,2.5998633464065795,-0.5000000000000001,0.8660254037844387,0.0,572.1229032163
a3,144.56713246794703,3.11425990710169,95.7340869730796,2.1124216142476193,-0.5000000000000001,0.8660254037844387,0.0,379.26378718239573
a3,176.5470940417167,180.8983867309102,139.31985250660475,2.5234220497184467,-0.5000000000000001,0.8660254037844387,0.0,538.9970766730064
a3,143.12288502289283,79.22189851316193,18.21695133391057,2.6806200974039647,-0.5000000000000001,0.8660254037844387,0.0,608.2056699258934
a3,130.88642502200292,92.60799752805569,76.30978837192188,3.3064423990532767,-0.5000000000000001,0.8660254037844387,0.0,925.3291756490044
a3,6.353730210706799,90.330942960991,4.963913318506322,1.953027744132,-0.5000000000000001,0.8660254037844387,0.0,327.7112438737522
a3,0.17209442104588374,90.45835188201241,147.5533713818646,1.8551470743017633,-0.5000000000000001,0.8660254037844387,0.0,299.9999957748912
a3,78.06322050480283,93.35119356610576,147.92092405696738,3.2524867308897636,-0.5000000000000001,0.8660254037844387,0.0,895.3759025592909
a3,92.72353822734723,34.97714503286611,186.3491600265717,2.4943009699013037,-0.5000000000000001,0.8660254037844387,0.0,526.6428350186861
a3,139.37822172505525,200.00000000000003,114.99999998260975,1.8551470743017633,-0.5000000000000001,0.8660254037844387,0.0,299.9999957748912
a3,61.41922542632212,93.44632891136449,20.95736001109328,2.7818681179406375,-0.5000000000000001,0.8660254037844387,0.0,655.0117824395979
a3,154.33103755430312,88.30000428885239,101.7956700571038,3.2056633239307084,-0.5000000000000001,0.8660254037844387,0.0,869.7814786201402
a3,162.69085539705802,29.242356853806065,7.870627352887015,2.2532135809848004,-0.5000000000000001,0.8660254037844387,0.0,430.2115058224434
