dose_dpa,betaP_11,betaP_22,betaP_33
0.0,-5.006678952634578e-07,-5.006678952634578e-07,-5.006678952634578e-07
1.0,nan,nan,nan
1.9999999999999996,nan,nan,nan
2.9999999999999996,nan,nan,nan
3.999999999999999,nan,nan,nan
5.000000000000001,nan,nan,nan
6.0,nan,nan,nan
7.0,nan,nan,nan
8.000000000000002,nan,nan,nan
9.000000000000002,nan,nan,nan
10.000000000000002,0.001532568772937434,0.001532568772937434,-0.00409380228685127
11.000000000000002,0.001674729936696583,0.001674729936696583,-0.004106331707746901
12.000000000000002,0.001816848318277396,0.001816848318277396,-0.004117386108072664
13.000000000000002,0.001958927726134393,0.001958927726134393,-0.004127169856141798
14.000000000000002,0.002100971328799265,0.002100971328799265,-0.00413585079076423
14.999999999999996,0.002242981815495218,0.002242981815495218,-0.004143568681768422
16.000000000000004,0.00238496150518371,0.002384961505183709,-0.004150441159046871
17.000000000000004,0.002526912423396921,0.002526912423396921,-0.004156568074319605
17.999999999999996,0.002668836357919034,0.002668836357919034,-0.004162034813879284
19.000000000000004,0.002810734900475337,0.002810734900475336,-0.004166914850085587
19.999999999999993,0.002952609478503415,0.002952609478503415,-0.004171271767938012
21.0,0.003094461380060388,0.003094461380060389,-0.004175160864083751
21.99999999999999,0.003236291773606854,0.003236291773606854,-0.004178630451008259
22.999999999999996,0.003378101724011093,0.003378101724011094,-0.004181722906179484
23.999999999999986,0.003519892205724625,0.003519892205724626,-0.004184475543009443
24.999999999999993,0.003661664113706124,0.003661664113706124,-0.004186921356301104
25.999999999999982,0.003803418272637519,0.00380341827263752,-0.00418908960815382
