dose_dpa,Cv,Ci,C2i,C3i,n_c_f,n_a1,n_a2,n_a3,c_c_f,c_a1,c_a2,c_a3,cum_prod_i,cum_recomb_i,cum_sink_i,cum_prod_v,cum_recomb_v,cum_sink_v,rho_N,n_a1v,n_a2v,n_a3v,n_c_p,n_c_0,c_a1v,c_a2v,c_a3v,c_c_p,c_c_0,q_c_f,q_a1,q_a2,q_a3,q_a1v,q_a2v,q_a3v,q_c_p,q_c_0
0.0,9.999999999999715e-21,9.999999999999715e-21,9.999999999999715e-21,9.999999999999715e-21,9.999999999999714e-21,9.999999999999714e-21,9.999999999999714e-21,9.999999999999714e-21,9.999999999999715e-21,9.999999999999715e-21,9.999999999999715e-21,9.999999999999715e-21,0.0,0.0,0.0,0.0,0.0,0.0,188003624246732.78,0.0,0.0,0.0,0.0,0.0,0.0,0.0,0.0,0.0,0.0,0.0,0.0,0.0,0.0,0.0,0.0,0.0,0.0,0.0
0.0001,2.9817408125352672e-06,4.949709164017162e-09,3.2352429123097888e-12,1.5306669756080097e-12,8.188603703721021e-10,4.0159961401589126e-10,4.015996140158913e-10,4.015996140158913e-10,1.7672070954012426e-07,1.4925206851947827e-07,1.4925206851947827e-07,1.4925206851947827e-07,9.999999999899568e-05,0.0004999894506320077,0.00010341296898212406,9.999999999899568e-05,0.0004999894506320077,8.148979384023647e-06,188003644984810.06,1.3862622814427706e-10,1.3862622814427706e-10,1.3862622814427706e-10,8.502792680985296e-15,9.99500151529264e-10,3.418918363911583e-08,3.418918363911583e-08,3.418918363911583e-08,2.8681359035368122e-12,8.278237167571462e-08,5.3045647730186224e-05,6.419175084117015e-05,6.419175084117015e-05,6.419175084117015e-05,1.0356090179561649e-05,1.0356090179561649e-05,1.0356090179561649e-05,1.137268836796716e-09,7.087226794057355e-06
0.001,2.976442476441574e-06,4.947504196055152e-09,3.228856055680488e-12,1.5280999367374844e-12,2.355990174862438e-09,1.4289830240482752e-09,1.4289830240482752e-09,1.4289830240482752e-09,3.9659773349542134e-07,2.8645416500177427e-06,2.8645416500177427e-06,2.8645416500177427e-06,0.0009000000000000371,0.004494726453180332,0.0009491812317147781,0.0009000000000000371,0.004494726453180332,7.321343853278171e-05,188017631402982.5,4.859045075723758e-10,4.859045075723758e-10,4.859045075723758e-10,3.7488275237273965e-13,4.942997884277699e-09,7.987487326005457e-08,7.987487326005457e-08,7.987487326005457e-08,1.3231793215481216e-10,2.606840615298089e-07,0.0001408843888643437,0.01701297040824468,0.01701297040824468,0.01701297040824468,2.7441170213331867e-05,2.7441170213331867e-05,2.7441170213331867e-05,6.009861071387361e-08,2.0104657381891743e-05
0.01,2.9663468710675375e-06,4.940663351393572e-09,3.214057904151514e-12,1.5223234609227575e-12,5.812433269245586e-09,2.5617363792359207e-09,2.5617363792359207e-09,2.5617363792359195e-09,1.7019803219399629e-06,4.606373661987546e-06,4.606373661987546e-06,4.606373661987542e-06,0.009000000000000128,0.04473991764281451,0.009597565099179892,0.009000000000000128,0.04473991764281451,0.0007298969599102326,188076151954982.88,1.0965157067663016e-09,1.0965157067663016e-09,1.0965157067663016e-09,2.5801152294688283e-11,1.0117188860869304e-08,3.0026214891648486e-07,3.0026214891648486e-07,3.0026214891648486e-07,1.0260331534129008e-08,6.622090193161725e-07,0.0006685735587771447,0.04002345770276822,0.04002345770276822,0.04002345770276822,0.00011731908918447543,0.00011731908918447543,0.00011731908918447543,4.13890790720953e-06,5.999453836813303e-05
0.1,2.9666106409588254e-06,4.940919670980946e-09,3.2142673867686773e-12,1.5224166745677947e-12,3.635048752196447e-08,1.1754624489994795e-08,1.1754624489994795e-08,1.1754624489994795e-08,1.3913468164890502e-05,7.55420340808378e-06,7.55420340808378e-06,7.55420340808378e-06,0.08999999999999654,0.44744338630518354,0.09603392965645831,0.08999999999999654,0.44744338630518354,0.0073005001539153385,188079072732198.2,6.5335378647651705e-09,6.5335378647651705e-09,6.5335378647651705e-09,2.095133020598861e-09,3.355169050579738e-08,2.4739086534109953e-06,2.4739086534109953e-06,2.4739086534109953e-06,8.382161600777975e-07,2.9945433599143582e-06,0.0055527341820159615,0.045474628164807636,0.045474628164807636,0.045474628164807636,0.0009870254960142625,0.0009870254960142625,0.0009870254960142625,0.00033543574433475613,0.00029315855805871996
1.0,2.9644122640051122e-06,4.938094114057452e-09,3.2118994580552776e-12,1.5213724214559786e-12,2.744164611688207e-07,1.0361302783473664e-07,1.0361302783473664e-07,1.0361302783473664e-07,0.00010888194033691913,3.5118415528261964e-05,3.5118415528261964e-05,3.5118415528261964e-05,0.8999999999999923,4.470887765383035,0.9598019328854153,0.8999999999999923,4.470887765383035,0.07295093938019266,188079047501808.38,6.087764610832586e-08,6.087764610832586e-08,6.087764610832586e-08,9.009240324160379e-08,4.955153075461453e-08,2.420872169612656e-05,2.420872169612656e-05,2.420872169612656e-05,3.602836503327851e-05,4.587358771795164e-06,0.04343777504965739,0.05398499835834217,0.05398499835834217,0.05398499835834217,0.009679903008105959,0.009679903008105959,0.009679903008105959,0.014408058307776134,0.0004517753578210471
2.0,2.9450019893387802e-06,4.913091446054045e-09,3.1911173511776523e-12,1.5121698722552125e-12,5.034114416306976e-07,2.0569045671985754e-07,2.0569045671985754e-07,2.0569045671985754e-07,0.00019978733456603594,6.578524828873631e-05,6.578524828873631e-05,6.578524828873631e-05,0.9999999999900094,4.933096179943208,1.061120965680776,0.9999999999900094,4.933096179943208,0.08052583148593451,188078824479830.9,1.212666381511309e-07,1.212666381511309e-07,1.212666381511309e-07,2.23417652576602e-07,4.963747090387639e-08,4.835427625074541e-05,4.835427625074541e-05,4.835427625074541e-05,8.925206328720689e-05,4.590985414018177e-06,0.07952856318535678,0.06366713909254264,0.06366713909254264,0.06366713909254264,0.019334923896700242,0.019334923896700242,0.019334923896700242,0.035655364772202026,0.0004520526162063674
5.0,2.9254505774888307e-06,4.888905937601133e-09,3.171130177394106e-12,1.5032282177580552e-12,1.1409157283310546e-06,5.118935010393692e-07,5.118935010393692e-07,5.118935010393692e-07,0.0004504802618122964,0.0001576926675433954,0.0001576926675433954,0.0001576926675433954,3.000000000000051,14.697197755724135,3.1679159416016396,3.000000000000051,14.697197755724135,0.23997362705741482,188078612969791.9,3.0241919921581704e-07,3.0241919921581704e-07,3.0241919921581704e-07,6.728140815145126e-07,4.9727956479223885e-08,0.00012075749811700258,0.00012075749811700258,0.00012075749811700258,0.0002678410824047666,4.594687819347197e-06,0.17811565091437864,0.09176291692586096,0.09176291692586096,0.09176291692586096,0.048274034326722164,0.048274034326722164,0.048274034326722164,0.10662959423164925,0.00045233115739648895
10.0,2.876458659547606e-06,4.831548932389782e-09,3.123906482249456e-12,1.481842198504332e-12,2.122633963887121e-06,1.0222520641371485e-06,1.0222520641371485e-06,1.0222520641371485e-06,0.0008288674378804094,0.00031093280218012195,0.00031093280218012195,0.00031093280218012195,5.00000000009993,24.081593510177647,5.218834572675644,5.00000000009993,24.081593510177647,0.39325783544513293,188078123147066.53,6.043495037624977e-07,6.043495037624977e-07,6.043495037624977e-07,1.5026367316524434e-06,4.998474898371088e-08,0.00024132477050831837,0.00024132477050831837,0.00024132477050831837,0.0005945610228927619,4.605206576768213e-06,0.3239555760549447,0.13923611989704987,0.13923611989704987,0.13923611989704987,0.09642179693132669,0.09642179693132669,0.09642179693132669,0.23528595194215204,0.00045312211700033984
