dose_dpa,Cv,Ci,C2i,C3i,N_c,N_a1,N_a2,N_a3,C_c,C_a1,C_a2,C_a3
0.0,2.504733214858344e-06,3.209533345380112e-10,3.0249487809983435e-12,1.9764350397190743e-12,2.959258380330695e-05,2.959258380330695e-05,2.959258380330695e-05,2.959258380330695e-05,1e-33,1e-33,1e-33,1e-33
0.0001,2.5051610708833357e-06,3.2080329343072445e-10,3.0224470926431666e-12,1.9748448125936867e-12,1.006158743203176e+20,1.9568030752505184e+19,1.9568030752505184e+19,1.9568030752505184e+19,4.83792113475412e-07,7.105150229959877e-08,7.105150229959877e-08,7.105150229959877e-08
0.001,2.5067490933103382e-06,3.1962036061425277e-10,3.0008559878367735e-12,1.9610819947742173e-12,7.498912932844926e+20,1.9450517303630666e+20,1.9450517303630666e+20,1.9450517303630666e+20,3.669863151741572e-06,7.617156186443968e-07,7.617156186443967e-07,7.617156186443967e-07
0.01,2.4662171063368466e-06,3.105953508563553e-10,2.7923245618791583e-12,1.827158424861502e-12,1.4916013070236952e+21,1.750011435963568e+21,1.750011435963568e+21,1.750011435963568e+21,9.793915415458621e-06,1.256505227863035e-05,1.256505227863035e-05,1.256505227863035e-05
0.1,2.404090184475078e-06,3.014080432448108e-10,2.6189771527696085e-12,1.7152691781800379e-12,1.492799608938618e+21,5.0535507408376e+21,5.053550740837598e+21,5.053550740837598e+21,8.568238575036546e-05,7.337550143601305e-05,7.337550143601304e-05,7.337550143601304e-05
1.0,2.3411773301487346e-06,2.971002076314936e-10,2.4931979640137187e-12,1.633945557559992e-12,1.4890548104266223e+21,1.6758106334410874e+22,1.6758106334410874e+22,1.6758106334410874e+22,0.0018347569657817724,0.00012351955290318745,0.00012351955290318742,0.00012351955290318742
2.0,2.333498316134769e-06,2.9621193851319947e-10,2.4815762343614916e-12,1.6263914226918114e-12,1.4884887170114805e+21,3.025871246252033e+22,3.025871246252033e+22,3.025871246252033e+22,0.0023432427333683233,0.00017249834887055824,0.00017249834887055824,0.00017249834887055824
5.0,2.324874742796227e-06,2.948738964821131e-10,2.467788360111997e-12,1.6174134538044634e-12,1.4883142673982344e+21,7.075928877393137e+22,7.075928877393137e+22,7.075928877393137e+22,0.002655861752410769,0.0003188347898704444,0.0003188347898704444,0.0003188347898704444
10.0,2.3126966490608758e-06,2.92947507707557e-10,2.4480792743042504e-12,1.6045795296067424e-12,1.4882989111267956e+21,1.3826506082569331e+23,1.3826506082569331e+23,1.3826506082569331e+23,0.0027365946617576844,0.0005626939604012949,0.0005626939604012949,0.0005626939604012949
